Vehicle,ProductID
Piaggio Medley,V-9333
SYM Attila,V-9333
Honda Wave Alpha,V-9333
Honda Lead,V-9589
Yamaha Exciter,V-9589
Honda Wave Alpha,VR-3362
SYM Attila,WI-6388
Yamaha Sirius,WI-6388
Yamaha Exciter,TT-6749
SYM Attila,BĐ-6300
Honda Lead,BĐ-6300
Suzuki Address,NS-1399
Yamaha Grande,NS-1399
Yamaha Exciter,TT-6750
Yamaha Grande,NS-1399
Honda PCX,NS-1399
Yamaha Sirius,NS-1399
Yamaha Janus,NT-2599
Yamaha Exciter,NT-2599
Honda Wave Alpha,NT-2699
Honda PCX,NT-2699
Honda Vision,NT-2544
Yamaha Exciter,NT-2544
Honda Winner X,NT-2544
SYM Attila,AQ-GTZ5S
Honda SH Mode,AQ-GTZ5S
Yamaha Janus,AQ-GTZ5S
Piaggio Medley,AQ-GTZ6V
Honda Wave Alpha,AQ-GTZ6V
Yamaha Exciter,NS-1253
SYM Attila,NS-1262
SYM Attila,NS-1262
Honda Winner X,NS-1254
Piaggio Liberty,NS-1254
Yamaha Sirius,NS-1254
Honda Vision,NS-1255
Yamaha Exciter,NS-1255
Honda SH Mode,NS-1265
Piaggio Medley,NS-1265
Honda PCX,NS-1265
Honda Lead,AQ-GTX7
Yamaha Exciter,AQ-GTX7
Suzuki Address,AQ-GTX7
Honda Lead,AQ-GTA6
Yamaha Sirius,AQ-GTA6
Yamaha Sirius,AQ-GTA6
Honda SH Mode,AQ-GTX9
Yamaha Exciter,AQ-GTX9
Yamaha Exciter,AQ-GTX9
Piaggio Liberty,VS-1379
Yamaha Sirius,VS-1379
Suzuki Address,VS-1379
Piaggio Medley,BĐ-6201
Yamaha Exciter,BĐ-6201
Honda Lead,BĐ-6201
Yamaha Grande,BĐ-6301
SYM Attila,BĐ-6301
Yamaha Exciter,BĐ-6301
Honda Lead,BĐ-6203
Honda Future,BĐ-6203
Honda Future,BĐ-6203
Honda PCX,NT-3144
Yamaha Grande,NS-1722
Honda Future,NS-1722
Piaggio Liberty,CĐ-1023
Honda SH Mode,NS-1255
Honda Lead,NS-1255
Yamaha Janus,NS-1263
SYM Attila,NS-1263
Honda PCX,NT-3125
Honda Lead,NT-3125
Honda PCX,NT-3125
Honda Winner X,NS-1256
Piaggio Liberty,NS-1257
Yamaha Sirius,NS-1257
Honda Vision,NS-12556
Yamaha Janus,NS-12556
Yamaha Grande,NS-1264
Yamaha Grande,NS-1264
Honda Future,NS-1264
Yamaha Sirius,BĐ-6201S
Yamaha Grande,BĐ-6301S
Honda SH Mode,BĐ-6203S
Honda Vision,BĐ-6203S
Honda Wave Alpha,BĐ-6203S
Honda Vision,BĐ-6300S
Honda Lead,BĐ-6300S
Honda Lead,BĐ-6300S
Yamaha Grande,FS-U20U
Honda Future,FS-U20U
Yamaha Janus,FS-U20U
Honda Winner X,ES-U22N
Piaggio Liberty,BX-1250
Yamaha Grande,BX-1250
Honda SH Mode,BX-1250
Honda Future,BX-2502
Piaggio Medley,SP-1279
Suzuki Address,SP-1279
Honda PCX,V-1258
Honda PCX,V-1259
Yamaha Sirius,V-1259
Suzuki Address,V-3627
Honda Lead,V-3627
Honda SH Mode,SP-2132
Honda Vision,SP-2132
Honda Air Blade,V-9598
Yamaha Janus,V-9598
Honda Winner X,V-9598
Yamaha Grande,V-9588
Piaggio Medley,V-9588
Yamaha Exciter,V-9008
Honda PCX,SP-3125
Yamaha Grande,V-9925
Honda Wave Alpha,V-9925
Yamaha Exciter,WI-562T
Honda Vision,WI-562T
Suzuki Address,WI-562T
Piaggio Liberty,WI-562S
Yamaha Sirius,SP-1254
Yamaha Grande,SP-1254
Yamaha Grande,SP-1254
Yamaha Grande,VR-1232
Honda Vision,VR-2177
Honda Air Blade,VR-3124
Suzuki Address,VR-3124
Yamaha Sirius,VR-3124
Honda Winner X,SP-4123
Honda Wave Alpha,SP-4123
Honda Future,VR-4421
Yamaha Janus,VR-1235
Honda Air Blade,VR-1235
Honda SH Mode,VR-3829
Yamaha Grande,SP-1725
Honda Vision,SP-1725
Yamaha Exciter,SP-1725
Honda Wave Alpha,BP-4235
Piaggio Liberty,BP-4236
SYM Attila,BP-4236
Piaggio Liberty,BP-4237
Yamaha Janus,BP-4237
Honda Vision,BP-4237
SYM Attila,BP-4238
Honda Winner X,BP-4238
Yamaha Grande,SP-5126
Honda SH Mode,SP-5126
Honda PCX,BT-2123
SYM Attila,BT-2123
Honda SH Mode,BT-2174
Honda Winner X,BT-2174
Honda Future,BT-2169
Honda Vision,NS-2312
Suzuki Address,NS-2312
Honda Wave Alpha,NS-2313
Honda SH Mode,NS-2353
SYM Attila,NS-2353
Piaggio Liberty,NS-2356
Yamaha Exciter,NT-2601
SYM Attila,NT-2713
Yamaha Janus,NT-2731
Honda Future,NT-2731
Honda PCX,NT-2864
Honda Vision,NS-3152
Piaggio Liberty,NS-3152
SYM Attila,NS-3153
Yamaha Sirius,NS-3154
Honda Lead,NS-3155
Yamaha Janus,NS-4736
Honda SH Mode,NS-4737
Piaggio Medley,NS-4737
Honda Wave Alpha,NS-4738
Yamaha Exciter,NS-4738
Piaggio Liberty,NS-4738
Yamaha Grande,NS-4739
Honda Winner X,NS-4739
SYM Attila,NS-4740
Honda Winner X,NS-4740
Honda PCX,NS-4740
Yamaha Janus,NS-4741
Honda Lead,NS-5526
Suzuki Address,NS-5526
Honda Vision,NS-5526
Honda Wave Alpha,NS-4742
Piaggio Liberty,NS-5527
Honda Future,NS-5527
Honda Wave Alpha,NS-5527
Honda Winner X,NS-4743
Honda SH Mode,NS-5528
Honda PCX,NS-5528
Honda Future,NS-5528
SYM Attila,W-688T
Yamaha Exciter,W-688S
Piaggio Medley,W-688S
SYM Attila,W-638T
Yamaha Exciter,W-638T
Honda Wave Alpha,W-638S
Honda Future,W-638S
